drug_code,mp_code,mp_formal_name,mp_fr_description,changes
769,00023442,DILANTIN-30 SUSPENSION (phenytoin 30 mg per 5 mL oral suspension) BGP PHARMA ULC,DILANTIN-30 SUSPENSION (phénytoïne 30 mg par 5 mL suspension orale) BGP PHARMA ULC,"mp_status: ""ACTIVE"" -> ""INACTIVE""
mp_status_effective_time: ""19681231"" -> ""20251209"""
3089,00417270,VISKEN (pindolol 5 mg oral tablet) XEDITON PHARMACEUTICALS INC,VISKEN (pindolol 5 mg comprimé oral) XEDITON PHARMACEUTICALS INC,"mp_status: ""ACTIVE"" -> ""INACTIVE""
mp_status_effective_time: ""19781231"" -> ""20260107"""
3091,00443174,VISKEN (pindolol 10 mg oral tablet) XEDITON PHARMACEUTICALS INC,VISKEN (pindolol 10 mg comprimé oral) XEDITON PHARMACEUTICALS INC,"mp_status: ""ACTIVE"" -> ""INACTIVE""
mp_status_effective_time: ""19781231"" -> ""20260107"""
5121,00579408,TEARS PLUS (polyvinyl alcohol 1.4 % ophthalmic drops) ABBVIE CORPORATION,"TEARS PLUS (alcool polyvinylique 1,4 % gouttes ophtalmiques) ABBVIE CORPORATION","mp_status: ""ACTIVE"" -> ""INACTIVE""
mp_status_effective_time: ""19821231"" -> ""20250221"""
8558,00759503,PMS-HALOPERIDOL SOLN 2MG/ML (haloperidol 2 mg per mL oral solution) PHARMASCIENCE INC,PMS-HALOPERIDOL SOLN 2MG/ML (halopéridol 2 mg par mL solution orale) PHARMASCIENCE INC,"mp_status_effective_time: ""20170803"" -> ""20250704"""
14017,01997572,DANTRIUM INTRAVENOUS (dantrolene sodium 20 mg per vial powder for solution for injection) KNIGHT THERAPEUTICS INC.,DANTRIUM INTRAVENOUS (dantrolène sodique 20 mg par fiole poudre pour solution injectable) KNIGHT THERAPEUTICS INC.,"mp_formal_name: ""DANTRIUM INTRAVENOUS (dantrolene sodium 20 mg per vial powder for solution for injection) E̲N̲D̲O̲ ̲O̲P̲E̲R̲A̲T̲I̲O̲N̲S̲ ̲L̲T̲D̲."" -> ""DANTRIUM INTRAVENOUS (dantrolene sodium 20 mg per vial powder for solution for injection) K̲N̲I̲G̲H̲T̲ ̲T̲H̲E̲R̲A̲P̲E̲U̲T̲I̲C̲S̲ ̲I̲N̲C̲.""
mp_fr_description: ""DANTRIUM INTRAVENOUS (dantrolène sodique 20 mg par fiole poudre pour solution injectable) E̲N̲D̲O̲ ̲O̲P̲E̲R̲A̲T̲I̲O̲N̲S̲ ̲L̲T̲D̲."" -> ""DANTRIUM INTRAVENOUS (dantrolène sodique 20 mg par fiole poudre pour solution injectable) K̲N̲I̲G̲H̲T̲ ̲T̲H̲E̲R̲A̲P̲E̲U̲T̲I̲C̲S̲ ̲I̲N̲C̲."""
14019,01997602,DANTRIUM CAPSULES (dantrolene sodium 25 mg oral capsule) KNIGHT THERAPEUTICS INC.,DANTRIUM CAPSULES (dantrolène sodique 25 mg capsule orale) KNIGHT THERAPEUTICS INC.,"mp_formal_name: ""DANTRIUM CAPSULES (dantrolene sodium 25 mg oral capsule) E̲N̲D̲O̲ ̲O̲P̲E̲R̲A̲T̲I̲O̲N̲S̲ ̲L̲T̲D̲."" -> ""DANTRIUM CAPSULES (dantrolene sodium 25 mg oral capsule) K̲N̲I̲G̲H̲T̲ ̲T̲H̲E̲R̲A̲P̲E̲U̲T̲I̲C̲S̲ ̲I̲N̲C̲.""
mp_fr_description: ""DANTRIUM CAPSULES (dantrolène sodique 25 mg capsule orale) E̲N̲D̲O̲ ̲O̲P̲E̲R̲A̲T̲I̲O̲N̲S̲ ̲L̲T̲D̲."" -> ""DANTRIUM CAPSULES (dantrolène sodique 25 mg capsule orale) K̲N̲I̲G̲H̲T̲ ̲T̲H̲E̲R̲A̲P̲E̲U̲T̲I̲C̲S̲ ̲I̲N̲C̲."""
15118,02049996,APO-DOXEPIN (doxepin (doxepin hydrochloride) 10 mg oral capsule) APOTEX INC,APO-DOXEPIN (doxépine (chlorhydrate de doxépine) 10 mg capsule orale) APOTEX INC,"mp_status: ""INACTIVE"" -> ""ACTIVE""
mp_status_effective_time: ""20250827"" -> ""19931231"""
15897,02018144,CYCLOMEN (danazol 50 mg oral capsule) SANOFI-AVENTIS CANADA INC,CYCLOMEN (danazol 50 mg capsule orale) SANOFI-AVENTIS CANADA INC,"mp_status: ""ACTIVE"" -> ""INACTIVE""
mp_status_effective_time: ""19801231"" -> ""20250812"""
27903,02072955,SOLUPREP LD SPONGE (chlorhexidine gluconate 0.05 % medicated sponge) SOLVENTUM CANADA LIMITED,"SOLUPREP LD SPONGE (gluconate de chlorhexidine 0,05 % éponge médicamenteuse) SOLVENTUM CANADA LIMITED","mp_formal_name: ""SOLUPREP LD SPONGE (chlorhexidine gluconate 0.05 % medicated sponge) 3̲M̲ ̲H̲E̲A̲L̲T̲H̲C̲A̲R̲E̲ ̲C̲A̲N̲A̲D̲A̲ ̲C̲O̲M̲P̲A̲N̲Y̲ LIMITED"" -> ""SOLUPREP LD SPONGE (chlorhexidine gluconate 0.05 % medicated sponge) S̲O̲L̲V̲E̲N̲T̲U̲M̲ ̲C̲A̲N̲A̲D̲A̲ LIMITED""
mp_fr_description: ""SOLUPREP LD SPONGE (gluconate de chlorhexidine 0,05 % éponge médicamenteuse) 3̲M̲ ̲H̲E̲A̲L̲T̲H̲C̲A̲R̲E̲ ̲C̲A̲N̲A̲D̲A̲ ̲C̲O̲M̲P̲A̲N̲Y̲ LIMITED"" -> ""SOLUPREP LD SPONGE (gluconate de chlorhexidine 0,05 % éponge médicamenteuse) S̲O̲L̲V̲E̲N̲T̲U̲M̲ ̲C̲A̲N̲A̲D̲A̲ LIMITED"""
43499,02228955,SUPREFACT DEPOT 2 MONTHS (buserelin (buserelin acetate) 6.3 mg implant) CHEPLAPHARM ARZNEIMITTEL GMBH,"SUPREFACT DEPOT 2 MONTHS (buséréline (acétate de buséréline) 6,3 mg implant) CHEPLAPHARM ARZNEIMITTEL GMBH","mp_status: ""ACTIVE"" -> ""INACTIVE""
mp_status_effective_time: ""19970210"" -> ""20251101"""
49816,02230639,TOBRAMYCIN INJECTION (tobramycin (tobramycin sulfate) 20 mg per 2 mL solution for injection vial) FRESENIUS KABI CANADA LTD,TOBRAMYCIN INJECTION (tobramycine (sulfate de tobramycine) 20 mg par 2 mL solution injectable fiole) FRESENIUS KABI CANADA LTD,"mp_status_effective_time: ""20190529"" -> ""20251223"""
49965,02230707,PMS-HALOPERIDOL-LA (haloperidol (haloperidol decanoate) 250 mg per 5 mL solution for injection vial) PHARMASCIENCE INC,PMS-HALOPERIDOL-LA (halopéridol (décanoate d'halopéridol) 250 mg par 5 mL solution injectable fiole) PHARMASCIENCE INC,"mp_status_effective_time: ""20170803"" -> ""20250704"""
50886,02231543,PMS-CARBAMAZEPINE-CR (carbamazepine 200 mg prolonged-release oral tablet) PHARMASCIENCE INC,PMS-CARBAMAZEPINE-CR (carbamazépine 200 mg comprimé oral à libération prolongée) PHARMASCIENCE INC,"mp_status_effective_time: ""20210305"" -> ""20250704"""
50887,02231544,PMS-CARBAMAZEPINE-CR (carbamazepine 400 mg prolonged-release oral tablet) PHARMASCIENCE INC,PMS-CARBAMAZEPINE-CR (carbamazépine 400 mg comprimé oral à libération prolongée) PHARMASCIENCE INC,"mp_status_effective_time: ""20210319"" -> ""20250704"""
51610,02232191,PMS-CLOBETASOL CREAM (clobetasol propionate 0.05 % cutaneous cream) PHARMASCIENCE INC,"PMS-CLOBETASOL CREAM (propionate de clobétasol 0,05 % crème cutanée) PHARMASCIENCE INC","mp_status_effective_time: ""20170803"" -> ""20250704"""
51611,02232193,PMS-CLOBETASOL OINTMENT (clobetasol propionate 0.05 % cutaneous ointment) PHARMASCIENCE INC,"PMS-CLOBETASOL OINTMENT (propionate de clobétasol 0,05 % pommade cutanée) PHARMASCIENCE INC","mp_status_effective_time: ""20170803"" -> ""20250704"""
51612,02232195,PMS-CLOBETASOL SCALP APPLICATION (clobetasol propionate 0.05 % cutaneous solution) PHARMASCIENCE INC,"PMS-CLOBETASOL SCALP APPLICATION (propionate de clobétasol 0,05 % solution pour application cutanée) PHARMASCIENCE INC","mp_status_effective_time: ""20170803"" -> ""20250704"""
60243,02236950,RISPERDAL ORAL SOLUTION (risperidone (risperidone tartrate) 1 mg per mL oral solution) JANSSEN INC,RISPERDAL ORAL SOLUTION (rispéridone (tartrate de rispéridone) 1 mg par mL solution orale) JANSSEN INC,"mp_status: ""ACTIVE"" -> ""INACTIVE""
mp_status_effective_time: ""19980304"" -> ""20230929"""
68758,02244769,PMS-MOMETASONE (mometasone furoate 0.1 % cutaneous ointment) PHARMASCIENCE INC,"PMS-MOMETASONE (furoate de mométasone 0,1 % pommade cutanée) PHARMASCIENCE INC","mp_status_effective_time: ""20170825"" -> ""20250704"""
73086,02248722,ACULAR LS (ketorolac tromethamine 0.4 % ophthalmic drops) ABBVIE CORPORATION,"ACULAR LS (trométhamine de kétorolac 0,4 % gouttes ophtalmiques) ABBVIE CORPORATION","mp_status: ""ACTIVE"" -> ""INACTIVE""
mp_status_effective_time: ""20040308"" -> ""20250703"""
74506,02259796,RIVA-GABAPENTIN (gabapentin 600 mg oral tablet) LABORATOIRE RIVA INC.,RIVA-GABAPENTIN (gabapentine 600 mg comprimé oral) LABORATOIRE RIVA INC.,"mp_status_effective_time: ""20170705"" -> ""20260122"""
74507,02259818,RIVA-GABAPENTIN (gabapentin 800 mg oral tablet) LABORATOIRE RIVA INC.,RIVA-GABAPENTIN (gabapentine 800 mg comprimé oral) LABORATOIRE RIVA INC.,"mp_status_effective_time: ""20170705"" -> ""20260122"""
76137,02275708,REGULAR STRENGTH TYLENOL SINUS DAYTIME (acetaminophen 325 mg and phenylephrine hydrochloride 5 mg oral tablet) MCNEIL CONSUMER HEALTHCARE DIVISION OF JOHNSON & JOHNSON INC,REGULAR STRENGTH TYLENOL SINUS DAYTIME (acétaminophène 325 mg et chlorhydrate de phényléphrine 5 mg comprimé oral) MCNEIL CONSUMER HEALTHCARE DIVISION OF JOHNSON & JOHNSON INC,"mp_status_effective_time: ""20180516"" -> ""20260108"""
76338,02277778,"MEDLINE REMEDY SIMPLIFIED PREVENT CRITIC-AID CLEAR (white petrolatum 71.5 % cutaneous ointment) MEDLINE INDUSTRIES, LP","MEDLINE REMEDY SIMPLIFIED PREVENT CRITIC-AID CLEAR (pétrolatum blanc 71,5 % pommade cutanée) MEDLINE INDUSTRIES, LP","Health_Canada_product_name: ""CRITIC-AID CLEAR"" -> ""MEDLINE REMEDY SIMPLIFIED PREVENT CRITIC-AID CLEAR""
mp_formal_name: ""CRITIC-AID CLEAR (white petrolatum 71.5 % cutaneous ointment) C̲O̲L̲O̲P̲L̲A̲S̲T̲ ̲A̲/̲S̲"" -> ""M̲E̲D̲L̲I̲N̲E̲ ̲R̲E̲M̲E̲D̲Y̲ ̲S̲I̲M̲P̲L̲I̲F̲I̲E̲D̲ ̲P̲R̲E̲V̲E̲N̲T̲ ̲CRITIC-AID CLEAR (white petrolatum 71.5 % cutaneous ointment) M̲E̲D̲L̲I̲N̲E̲ ̲I̲N̲D̲U̲S̲T̲R̲I̲E̲S̲,̲ ̲L̲P̲""
mp_fr_description: ""CRITIC-AID CLEAR (pétrolatum blanc 71,5 % pommade cutanée) C̲O̲L̲O̲P̲L̲A̲S̲T̲ ̲A̲/̲S̲"" -> ""M̲E̲D̲L̲I̲N̲E̲ ̲R̲E̲M̲E̲D̲Y̲ ̲S̲I̲M̲P̲L̲I̲F̲I̲E̲D̲ ̲P̲R̲E̲V̲E̲N̲T̲ ̲CRITIC-AID CLEAR (pétrolatum blanc 71,5 % pommade cutanée) M̲E̲D̲L̲I̲N̲E̲ ̲I̲N̲D̲U̲S̲T̲R̲I̲E̲S̲,̲ ̲L̲P̲"""
76591,02280248,TESTIM 1% (testosterone 1 % transdermal gel 5 g tube) KNIGHT THERAPEUTICS INC.,TESTIM 1% (testostérone 1 % gel transdermique 5 g tube) KNIGHT THERAPEUTICS INC.,"mp_formal_name: ""TESTIM 1% (testosterone 1 % transdermal gel 5 g tube) E̲N̲D̲O̲ ̲O̲P̲E̲R̲A̲T̲I̲O̲N̲S̲ ̲L̲T̲D̲."" -> ""TESTIM 1% (testosterone 1 % transdermal gel 5 g tube) K̲N̲I̲G̲H̲T̲ ̲T̲H̲E̲R̲A̲P̲E̲U̲T̲I̲C̲S̲ ̲I̲N̲C̲.""
mp_fr_description: ""TESTIM 1% (testostérone 1 % gel transdermique 5 g tube) E̲N̲D̲O̲ ̲O̲P̲E̲R̲A̲T̲I̲O̲N̲S̲ ̲L̲T̲D̲."" -> ""TESTIM 1% (testostérone 1 % gel transdermique 5 g tube) K̲N̲I̲G̲H̲T̲ ̲T̲H̲E̲R̲A̲P̲E̲U̲T̲I̲C̲S̲ ̲I̲N̲C̲."""
79244,02306743,ANAPEN JUNIOR (epinephrine 0.15 mg per 0.3 mL solution for injection syringe) KNIGHT THERAPEUTICS INC.,"ANAPEN JUNIOR (épinéphrine 0,15 mg par 0,3 mL solution injectable seringue) KNIGHT THERAPEUTICS INC.","mp_formal_name: ""ANAPEN JUNIOR (epinephrine 0.15 mg per 0.3 mL solution for injection syringe) E̲N̲D̲O̲ ̲O̲P̲E̲R̲A̲T̲I̲O̲N̲S̲ ̲L̲T̲D̲."" -> ""ANAPEN JUNIOR (epinephrine 0.15 mg per 0.3 mL solution for injection syringe) K̲N̲I̲G̲H̲T̲ ̲T̲H̲E̲R̲A̲P̲E̲U̲T̲I̲C̲S̲ ̲I̲N̲C̲.""
mp_fr_description: ""ANAPEN JUNIOR (épinéphrine 0,15 mg par 0,3 mL solution injectable seringue) E̲N̲D̲O̲ ̲O̲P̲E̲R̲A̲T̲I̲O̲N̲S̲ ̲L̲T̲D̲."" -> ""ANAPEN JUNIOR (épinéphrine 0,15 mg par 0,3 mL solution injectable seringue) K̲N̲I̲G̲H̲T̲ ̲T̲H̲E̲R̲A̲P̲E̲U̲T̲I̲C̲S̲ ̲I̲N̲C̲.""
mp_status_effective_time: ""20220114"" -> ""20260119"""
79245,02306751,ANAPEN (epinephrine 0.3 mg per 0.3 mL solution for injection syringe) KNIGHT THERAPEUTICS INC.,"ANAPEN (épinéphrine 0,3 mg par 0,3 mL solution injectable seringue) KNIGHT THERAPEUTICS INC.","mp_formal_name: ""ANAPEN (epinephrine 0.3 mg per 0.3 mL solution for injection syringe) E̲N̲D̲O̲ ̲O̲P̲E̲R̲A̲T̲I̲O̲N̲S̲ ̲L̲T̲D̲."" -> ""ANAPEN (epinephrine 0.3 mg per 0.3 mL solution for injection syringe) K̲N̲I̲G̲H̲T̲ ̲T̲H̲E̲R̲A̲P̲E̲U̲T̲I̲C̲S̲ ̲I̲N̲C̲.""
mp_fr_description: ""ANAPEN (épinéphrine 0,3 mg par 0,3 mL solution injectable seringue) E̲N̲D̲O̲ ̲O̲P̲E̲R̲A̲T̲I̲O̲N̲S̲ ̲L̲T̲D̲."" -> ""ANAPEN (épinéphrine 0,3 mg par 0,3 mL solution injectable seringue) K̲N̲I̲G̲H̲T̲ ̲T̲H̲E̲R̲A̲P̲E̲U̲T̲I̲C̲S̲ ̲I̲N̲C̲.""
mp_status_effective_time: ""20220114"" -> ""20260119"""
79512,02309521,PMS-CLOBETASOL (clobetasol propionate 0.05 % cutaneous cream) PHARMASCIENCE INC,"PMS-CLOBETASOL (propionate de clobétasol 0,05 % crème cutanée) PHARMASCIENCE INC","mp_status_effective_time: ""20180802"" -> ""20250704"""
79513,02309548,PMS-CLOBETASOL (clobetasol propionate 0.05 % cutaneous ointment) PHARMASCIENCE INC,"PMS-CLOBETASOL (propionate de clobétasol 0,05 % pommade cutanée) PHARMASCIENCE INC","mp_status_effective_time: ""20180425"" -> ""20251002"""
83819,02352966,ALENDRONATE (alendronic acid (alendronate sodium) 70 mg oral tablet) SANIS HEALTH INC,ALENDRONATE (acide alendronique (alendronate sodique) 70 mg comprimé oral) SANIS HEALTH INC,"mp_status: ""ACTIVE"" -> ""INACTIVE""
mp_status_effective_time: ""20100730"" -> ""20250929"""
87831,02393069,MINT-SILDENAFIL (sildenafil (sildenafil citrate) 25 mg oral tablet) MINT PHARMACEUTICALS INC,MINT-SILDENAFIL (sildénafil (citrate de sildénafil) 25 mg comprimé oral) MINT PHARMACEUTICALS INC,"mp_status: ""INACTIVE"" -> ""ACTIVE""
mp_status_effective_time: ""20250116"" -> ""20130215"""
88003,02394871,MINT-ALENDRONATE (alendronic acid (alendronate sodium) 70 mg oral tablet) MINT PHARMACEUTICALS INC,MINT-ALENDRONATE (acide alendronique (alendronate sodique) 70 mg comprimé oral) MINT PHARMACEUTICALS INC,"mp_status: ""ACTIVE"" -> ""INACTIVE""
mp_status_effective_time: ""20121121"" -> ""20250912"""
88079,02395738,ACH-TOPIRAMATE (topiramate 25 mg oral tablet) ACCORD HEALTHCARE INC,ACH-TOPIRAMATE (topiramate 25 mg comprimé oral) ACCORD HEALTHCARE INC,"mp_status: ""ACTIVE"" -> ""INACTIVE""
mp_status_effective_time: ""20121129"" -> ""20260116"""
88080,02395746,ACH-TOPIRAMATE (topiramate 100 mg oral tablet) ACCORD HEALTHCARE INC,ACH-TOPIRAMATE (topiramate 100 mg comprimé oral) ACCORD HEALTHCARE INC,"mp_status: ""ACTIVE"" -> ""INACTIVE""
mp_status_effective_time: ""20121214"" -> ""20260116"""
88081,02395754,ACH-TOPIRAMATE (topiramate 200 mg oral tablet) ACCORD HEALTHCARE INC,ACH-TOPIRAMATE (topiramate 200 mg comprimé oral) ACCORD HEALTHCARE INC,"mp_status: ""ACTIVE"" -> ""INACTIVE""
mp_status_effective_time: ""20121129"" -> ""20260116"""
88319,02398257,SILENOR (doxepin (doxepin hydrochloride) 3 mg oral tablet) KNIGHT THERAPEUTICS INC.,SILENOR (doxépine (chlorhydrate de doxépine) 3 mg comprimé oral) KNIGHT THERAPEUTICS INC.,"mp_formal_name: ""SILENOR (doxepin (doxepin hydrochloride) 3 mg oral tablet) E̲N̲D̲O̲ ̲O̲P̲E̲R̲A̲T̲I̲O̲N̲S̲ ̲L̲T̲D̲."" -> ""SILENOR (doxepin (doxepin hydrochloride) 3 mg oral tablet) K̲N̲I̲G̲H̲T̲ ̲T̲H̲E̲R̲A̲P̲E̲U̲T̲I̲C̲S̲ ̲I̲N̲C̲.""
mp_fr_description: ""SILENOR (doxépine (chlorhydrate de doxépine) 3 mg comprimé oral) E̲N̲D̲O̲ ̲O̲P̲E̲R̲A̲T̲I̲O̲N̲S̲ ̲L̲T̲D̲."" -> ""SILENOR (doxépine (chlorhydrate de doxépine) 3 mg comprimé oral) K̲N̲I̲G̲H̲T̲ ̲T̲H̲E̲R̲A̲P̲E̲U̲T̲I̲C̲S̲ ̲I̲N̲C̲."""
88320,02398265,SILENOR (doxepin (doxepin hydrochloride) 6 mg oral tablet) KNIGHT THERAPEUTICS INC.,SILENOR (doxépine (chlorhydrate de doxépine) 6 mg comprimé oral) KNIGHT THERAPEUTICS INC.,"mp_formal_name: ""SILENOR (doxepin (doxepin hydrochloride) 6 mg oral tablet) E̲N̲D̲O̲ ̲O̲P̲E̲R̲A̲T̲I̲O̲N̲S̲ ̲L̲T̲D̲."" -> ""SILENOR (doxepin (doxepin hydrochloride) 6 mg oral tablet) K̲N̲I̲G̲H̲T̲ ̲T̲H̲E̲R̲A̲P̲E̲U̲T̲I̲C̲S̲ ̲I̲N̲C̲.""
mp_fr_description: ""SILENOR (doxépine (chlorhydrate de doxépine) 6 mg comprimé oral) E̲N̲D̲O̲ ̲O̲P̲E̲R̲A̲T̲I̲O̲N̲S̲ ̲L̲T̲D̲."" -> ""SILENOR (doxépine (chlorhydrate de doxépine) 6 mg comprimé oral) K̲N̲I̲G̲H̲T̲ ̲T̲H̲E̲R̲A̲P̲E̲U̲T̲I̲C̲S̲ ̲I̲N̲C̲."""
91274,02428261,APO-SITAGLIPTIN (sitagliptin (sitagliptin phosphate monohydrate) 25 mg oral tablet) APOTEX INC,APO-SITAGLIPTIN (sitagliptine (phosphate de sitagliptine monohydraté) 25 mg comprimé oral) APOTEX INC,ADDED
91275,02428288,APO-SITAGLIPTIN (sitagliptin (sitagliptin phosphate monohydrate) 50 mg oral tablet) APOTEX INC,APO-SITAGLIPTIN (sitagliptine (phosphate de sitagliptine monohydraté) 50 mg comprimé oral) APOTEX INC,ADDED
91276,02428296,APO-SITAGLIPTIN (sitagliptin (sitagliptin phosphate monohydrate) 100 mg oral tablet) APOTEX INC,APO-SITAGLIPTIN (sitagliptine (phosphate de sitagliptine monohydraté) 100 mg comprimé oral) APOTEX INC,ADDED
91329,02428830,RIVA-ESCITALOPRAM (escitalopram (escitalopram oxalate) 10 mg oral tablet) LABORATOIRE RIVA INC.,RIVA-ESCITALOPRAM (escitalopram (oxalate d'escitalopram) 10 mg comprimé oral) LABORATOIRE RIVA INC.,"mp_status: ""ACTIVE"" -> ""INACTIVE""
mp_status_effective_time: ""20140925"" -> ""20251106"""
91332,02428857,RIVA-ESCITALOPRAM (escitalopram (escitalopram oxalate) 20 mg oral tablet) LABORATOIRE RIVA INC.,RIVA-ESCITALOPRAM (escitalopram (oxalate d'escitalopram) 20 mg comprimé oral) LABORATOIRE RIVA INC.,"mp_status: ""ACTIVE"" -> ""INACTIVE""
mp_status_effective_time: ""20140925"" -> ""20250521"""
91761,02433214,TELMISARTAN-HCTZ (hydrochlorothiazide 12.5 mg and telmisartan 80 mg oral tablet) PHARMASCIENCE INC,"TELMISARTAN-HCTZ (hydrochlorothiazide 12,5 mg et telmisartan 80 mg comprimé oral) PHARMASCIENCE INC","mp_status_effective_time: ""20181004"" -> ""20250704"""
91765,02433257,MUCINEX CONGESTION & COUGH (dextromethorphan hydrobromide 15 mg per 5 mL and guaifenesin 100 mg per 5 mL syrup) RB HEALTH (CANADA) INC.,MUCINEX CONGESTION & COUGH (bromhydrate de dextrométhorphane 15 mg par 5 mL et guaïfénésine 100 mg par 5 mL sirop) RB HEALTH (CANADA) INC.,"Health_Canada_product_name: ""MUCINEX MULTI-ACTION WET & DRY COUGH LIQUID"" -> ""MUCINEX CONGESTION & COUGH""
mp_formal_name: ""MUCINEX M̲U̲L̲T̲I̲-̲A̲C̲T̲I̲O̲N̲ ̲W̲E̲T̲ ̲&̲ ̲D̲R̲Y̲ ̲C̲O̲U̲G̲H̲ ̲L̲I̲Q̲U̲I̲D̲ (dextromethorphan hydrobromide 15 mg per 5 mL and guaifenesin 100 mg per 5 mL syrup) RB HEALTH (CANADA) INC."" -> ""MUCINEX C̲O̲N̲G̲E̲S̲T̲I̲O̲N̲ ̲&̲ ̲C̲O̲U̲G̲H̲ (dextromethorphan hydrobromide 15 mg per 5 mL and guaifenesin 100 mg per 5 mL syrup) RB HEALTH (CANADA) INC.""
mp_fr_description: ""MUCINEX M̲U̲L̲T̲I̲-̲A̲C̲T̲I̲O̲N̲ ̲W̲E̲T̲ ̲&̲ ̲D̲R̲Y̲ ̲C̲O̲U̲G̲H̲ ̲L̲I̲Q̲U̲I̲D̲ (bromhydrate de dextrométhorphane 15 mg par 5 mL et guaïfénésine 100 mg par 5 mL sirop) RB HEALTH (CANADA) INC."" -> ""MUCINEX C̲O̲N̲G̲E̲S̲T̲I̲O̲N̲ ̲&̲ ̲C̲O̲U̲G̲H̲ (bromhydrate de dextrométhorphane 15 mg par 5 mL et guaïfénésine 100 mg par 5 mL sirop) RB HEALTH (CANADA) INC."""
92701,02442671,ZOLMITRIPTAN ODT (zolmitriptan 2.5 mg orodispersible tablet) SANIS HEALTH INC,"ZOLMITRIPTAN ODT (zolmitriptan 2,5 mg comprimé orodispersible) SANIS HEALTH INC","mp_status: ""ACTIVE"" -> ""INACTIVE""
mp_status_effective_time: ""20151014"" -> ""20250929"""
93375,02448068,HELLO CLEAN MINT (cetylpyridinium chloride 0.075 % mouthwash) COLGATE-PALMOLIVE CANADA INC,"HELLO CLEAN MINT (chlorure de cétylpyridinium 0,075 % solution pour bain de bouche) COLGATE-PALMOLIVE CANADA INC",ADDED
93383,02448149,ALTUVIIIO (efanesoctocog alfa 2000 unit per vial powder for solution for injection with diluent solution syringe) SANOFI-AVENTIS CANADA INC,ALTUVIIIO (efanesoctocog alfa 2000 unité par fiole poudre pour solution injectable avec solution diluante seringue) SANOFI-AVENTIS CANADA INC,ADDED
93504,02449226,JAMP BRIMONIDINE (brimonidine tartrate 0.2 % ophthalmic drops) JAMP PHARMA CORPORATION,"JAMP BRIMONIDINE (tartrate de brimonidine 0,2 % gouttes ophtalmiques) JAMP PHARMA CORPORATION","Health_Canada_product_name: ""JAMP-BRIMONIDINE"" -> ""JAMP BRIMONIDINE""
mp_formal_name: ""JAMP-̲BRIMONIDINE (brimonidine tartrate 0.2 % ophthalmic drops) JAMP PHARMA CORPORATION"" -> ""JAMP ̲BRIMONIDINE (brimonidine tartrate 0.2 % ophthalmic drops) JAMP PHARMA CORPORATION""
mp_fr_description: ""JAMP-̲BRIMONIDINE (tartrate de brimonidine 0,2 % gouttes ophtalmiques) JAMP PHARMA CORPORATION"" -> ""JAMP ̲BRIMONIDINE (tartrate de brimonidine 0,2 % gouttes ophtalmiques) JAMP PHARMA CORPORATION"""
93975,02453215,LUNESTA (eszopiclone 2 mg oral tablet) KNIGHT THERAPEUTICS INC.,LUNESTA (eszopiclone 2 mg comprimé oral) KNIGHT THERAPEUTICS INC.,"mp_formal_name: ""LUNESTA (eszopiclone 2 mg oral tablet) S̲U̲M̲I̲T̲O̲M̲O̲ ̲P̲H̲A̲R̲M̲A̲ ̲C̲A̲N̲A̲D̲A̲,̲ INC."" -> ""LUNESTA (eszopiclone 2 mg oral tablet) K̲N̲I̲G̲H̲T̲ ̲T̲H̲E̲R̲A̲P̲E̲U̲T̲I̲C̲S̲ INC.""
mp_fr_description: ""LUNESTA (eszopiclone 2 mg comprimé oral) S̲U̲M̲I̲T̲O̲M̲O̲ ̲P̲H̲A̲R̲M̲A̲ ̲C̲A̲N̲A̲D̲A̲,̲ INC."" -> ""LUNESTA (eszopiclone 2 mg comprimé oral) K̲N̲I̲G̲H̲T̲ ̲T̲H̲E̲R̲A̲P̲E̲U̲T̲I̲C̲S̲ INC."""
93976,02453223,LUNESTA (eszopiclone 3 mg oral tablet) KNIGHT THERAPEUTICS INC.,LUNESTA (eszopiclone 3 mg comprimé oral) KNIGHT THERAPEUTICS INC.,"mp_formal_name: ""LUNESTA (eszopiclone 3 mg oral tablet) S̲U̲M̲I̲T̲O̲M̲O̲ ̲P̲H̲A̲R̲M̲A̲ ̲C̲A̲N̲A̲D̲A̲,̲ INC."" -> ""LUNESTA (eszopiclone 3 mg oral tablet) K̲N̲I̲G̲H̲T̲ ̲T̲H̲E̲R̲A̲P̲E̲U̲T̲I̲C̲S̲ INC.""
mp_fr_description: ""LUNESTA (eszopiclone 3 mg comprimé oral) S̲U̲M̲I̲T̲O̲M̲O̲ ̲P̲H̲A̲R̲M̲A̲ ̲C̲A̲N̲A̲D̲A̲,̲ INC."" -> ""LUNESTA (eszopiclone 3 mg comprimé oral) K̲N̲I̲G̲H̲T̲ ̲T̲H̲E̲R̲A̲P̲E̲U̲T̲I̲C̲S̲ INC."""
93987,02453347,JAMP-DORZOLAMIDE (dorzolamide (dorzolamide hydrochloride) 2 % ophthalmic drops) JAMP PHARMA CORPORATION,JAMP-DORZOLAMIDE (dorzolamide (chlorhydrate de dorzolamide) 2 % gouttes ophtalmiques) JAMP PHARMA CORPORATION,"mp_status: ""ACTIVE"" -> ""INACTIVE""
mp_status_effective_time: ""20191224"" -> ""20251101"""
94001,02453460,APO-OLMESARTAN (olmesartan medoxomil 40 mg oral tablet) APOTEX INC,APO-OLMESARTAN (olmésartan médoxomil 40 mg comprimé oral) APOTEX INC,"mp_status: ""ACTIVE"" -> ""INACTIVE""
mp_status_effective_time: ""20170530"" -> ""20251107"""
94427,02457199,TARO-DULOXETINE (duloxetine (duloxetine hydrochloride) 30 mg gastro-resistant capsule) TARO PHARMACEUTICALS INC,TARO-DULOXETINE (duloxétine (chlorhydrate de duloxétine) 30 mg capsule gastrorésistante) TARO PHARMACEUTICALS INC,ADDED
94428,02457202,TARO-DULOXETINE (duloxetine (duloxetine hydrochloride) 60 mg gastro-resistant capsule) TARO PHARMACEUTICALS INC,TARO-DULOXETINE (duloxétine (chlorhydrate de duloxétine) 60 mg capsule gastrorésistante) TARO PHARMACEUTICALS INC,ADDED
94430,02457229,APO-QUETIAPINE XR (quetiapine (quetiapine fumarate) 50 mg prolonged-release oral tablet) APOTEX INC,APO-QUETIAPINE XR (quétiapine (fumarate de quétiapine) 50 mg comprimé oral à libération prolongée) APOTEX INC,"mp_status: ""ACTIVE"" -> ""INACTIVE""
mp_status_effective_time: ""20180615"" -> ""20251207"""
94498,02457954,MINT-LEVOCARB (carbidopa 10 mg and levodopa 100 mg oral tablet) MINT PHARMACEUTICALS INC,MINT-LEVOCARB (carbidopa 10 mg et lévodopa 100 mg comprimé oral) MINT PHARMACEUTICALS INC,"mp_status: ""INACTIVE"" -> ""ACTIVE""
mp_status_effective_time: ""20170502"" -> ""20161103"""
96551,02475197,MINT-DICLOFENAC (diclofenac sodium 0.1 % ophthalmic drops) MINT PHARMACEUTICALS INC,"MINT-DICLOFENAC (diclofénac sodique 0,1 % gouttes ophtalmiques) MINT PHARMACEUTICALS INC","mp_status_effective_time: ""20230907"" -> ""20260102"""
96884,02478110,EXTRA STRENGTH TYLENOL COLD & SINUS PLUS (acetaminophen 500 mg and pseudoephedrine hydrochloride 60 mg oral tablet) KENVUE CANADA INC.,EXTRA STRENGTH TYLENOL COLD & SINUS PLUS (acétaminophène 500 mg et chlorhydrate de pseudoéphédrine 60 mg comprimé oral) KENVUE CANADA INC.,"Health_Canada_product_name: ""EXTRA STRENGTH TYLENOL SINUS PRESSURE & PAIN"" -> ""EXTRA STRENGTH TYLENOL COLD & SINUS PLUS""
mp_formal_name: ""EXTRA STRENGTH TYLENOL S̲I̲N̲U̲S̲ ̲P̲R̲E̲S̲S̲U̲R̲E̲ ̲&̲ ̲P̲A̲I̲N̲ ̲(̲a̲c̲e̲t̲a̲m̲i̲n̲o̲p̲h̲e̲n̲ ̲5̲0̲0̲ ̲m̲g̲ ̲a̲n̲d̲ ̲p̲s̲e̲u̲d̲o̲e̲p̲h̲e̲d̲r̲i̲n̲e̲ ̲h̲y̲d̲r̲o̲c̲h̲l̲o̲r̲i̲d̲e̲ ̲6̲0̲ ̲m̲g̲ ̲o̲r̲a̲l̲ ̲t̲a̲b̲l̲e̲t̲)̲ ̲M̲C̲N̲E̲I̲L̲ ̲C̲O̲N̲S̲U̲M̲E̲R̲ ̲H̲E̲A̲L̲T̲H̲C̲A̲R̲E̲ ̲D̲I̲V̲I̲S̲I̲O̲N̲ ̲O̲F̲ ̲J̲O̲H̲N̲S̲O̲N̲ ̲&̲ ̲J̲O̲H̲N̲S̲O̲N̲ ̲I̲N̲C̲"" -> ""EXTRA STRENGTH TYLENOL C̲O̲L̲D̲ ̲&̲ ̲S̲I̲N̲U̲S̲ ̲P̲L̲U̲S̲ ̲(̲a̲c̲e̲t̲a̲m̲i̲n̲o̲p̲h̲e̲n̲ ̲5̲0̲0̲ ̲m̲g̲ ̲a̲n̲d̲ ̲p̲s̲e̲u̲d̲o̲e̲p̲h̲e̲d̲r̲i̲n̲e̲ ̲h̲y̲d̲r̲o̲c̲h̲l̲o̲r̲i̲d̲e̲ ̲6̲0̲ ̲m̲g̲ ̲o̲r̲a̲l̲ ̲t̲a̲b̲l̲e̲t̲)̲ ̲K̲E̲N̲V̲U̲E̲ ̲C̲A̲N̲A̲D̲A̲ ̲I̲N̲C̲.̲""
mp_fr_description: ""EXTRA STRENGTH TYLENOL S̲I̲N̲U̲S̲ ̲P̲R̲E̲S̲S̲U̲R̲E̲ ̲&̲ ̲P̲A̲I̲N̲ ̲(̲a̲c̲é̲t̲a̲m̲i̲n̲o̲p̲h̲è̲n̲e̲ ̲5̲0̲0̲ ̲m̲g̲ ̲e̲t̲ ̲c̲h̲l̲o̲r̲h̲y̲d̲r̲a̲t̲e̲ ̲d̲e̲ ̲p̲s̲e̲u̲d̲o̲é̲p̲h̲é̲d̲r̲i̲n̲e̲ ̲6̲0̲ ̲m̲g̲ ̲c̲o̲m̲p̲r̲i̲m̲é̲ ̲o̲r̲a̲l̲)̲ ̲M̲C̲N̲E̲I̲L̲ ̲C̲O̲N̲S̲U̲M̲E̲R̲ ̲H̲E̲A̲L̲T̲H̲C̲A̲R̲E̲ ̲D̲I̲V̲I̲S̲I̲O̲N̲ ̲O̲F̲ ̲J̲O̲H̲N̲S̲O̲N̲ ̲&̲ ̲J̲O̲H̲N̲S̲O̲N̲ ̲I̲N̲C̲"" -> ""EXTRA STRENGTH TYLENOL C̲O̲L̲D̲ ̲&̲ ̲S̲I̲N̲U̲S̲ ̲P̲L̲U̲S̲ ̲(̲a̲c̲é̲t̲a̲m̲i̲n̲o̲p̲h̲è̲n̲e̲ ̲5̲0̲0̲ ̲m̲g̲ ̲e̲t̲ ̲c̲h̲l̲o̲r̲h̲y̲d̲r̲a̲t̲e̲ ̲d̲e̲ ̲p̲s̲e̲u̲d̲o̲é̲p̲h̲é̲d̲r̲i̲n̲e̲ ̲6̲0̲ ̲m̲g̲ ̲c̲o̲m̲p̲r̲i̲m̲é̲ ̲o̲r̲a̲l̲)̲ ̲K̲E̲N̲V̲U̲E̲ ̲C̲A̲N̲A̲D̲A̲ ̲I̲N̲C̲.̲"""
97234,02481863,AG-ALLOPURINOL (allopurinol 100 mg oral tablet) ANGITA PHARMA INC.,AG-ALLOPURINOL (allopurinol 100 mg comprimé oral) ANGITA PHARMA INC.,"mp_status_effective_time: ""20220726"" -> ""20251223"""
97235,02481871,AG-ALLOPURINOL (allopurinol 200 mg oral tablet) ANGITA PHARMA INC.,AG-ALLOPURINOL (allopurinol 200 mg comprimé oral) ANGITA PHARMA INC.,"mp_status_effective_time: ""20220726"" -> ""20251223"""
97236,02481898,AG-ALLOPURINOL (allopurinol 300 mg oral tablet) ANGITA PHARMA INC.,AG-ALLOPURINOL (allopurinol 300 mg comprimé oral) ANGITA PHARMA INC.,"mp_status_effective_time: ""20220726"" -> ""20251223"""
97573,02485494,BACLOFEN INTRATHECAL (baclofen 0.05 mg per 1 mL solution for injection syringe) AVIR PHARMA INC.,"BACLOFEN INTRATHECAL (baclofène 0,05 mg par 1 mL solution injectable seringue) AVIR PHARMA INC.","mp_status: ""ACTIVE"" -> ""INACTIVE""
mp_status_effective_time: ""20221208"" -> ""20250831"""
97579,02485559,RENVELA (sevelamer carbonate 0.8 g per sachet powder for oral suspension) SANOFI-AVENTIS CANADA INC,"RENVELA (carbonate de sévélamer 0,8 g par sachet poudre pour suspension orale) SANOFI-AVENTIS CANADA INC","mp_status: ""ACTIVE"" -> ""INACTIVE""
mp_status_effective_time: ""20191025"" -> ""20250410"""
98513,02495198,CREST PRO-HEALTH NIGHTLY BACTERIA GUARD (cetylpyridinium chloride 0.07 % mouthwash) PROCTER & GAMBLE INC,"CREST PRO-HEALTH NIGHTLY BACTERIA GUARD (chlorure de cétylpyridinium 0,07 % solution pour bain de bouche) PROCTER & GAMBLE INC","Health_Canada_product_name: ""CREST GUM CARE"" -> ""CREST PRO-HEALTH NIGHTLY BACTERIA GUARD""
mp_formal_name: ""CREST G̲U̲M̲ ̲C̲A̲R̲E̲ (cetylpyridinium chloride 0.07 % mouthwash) PROCTER & GAMBLE INC"" -> ""CREST P̲R̲O̲-̲H̲E̲A̲L̲T̲H̲ ̲N̲I̲G̲H̲T̲L̲Y̲ ̲B̲A̲C̲T̲E̲R̲I̲A̲ ̲G̲U̲A̲R̲D̲ (cetylpyridinium chloride 0.07 % mouthwash) PROCTER & GAMBLE INC""
mp_fr_description: ""CREST G̲U̲M̲ ̲C̲A̲R̲E̲ (chlorure de cétylpyridinium 0,07 % solution pour bain de bouche) PROCTER & GAMBLE INC"" -> ""CREST P̲R̲O̲-̲H̲E̲A̲L̲T̲H̲ ̲N̲I̲G̲H̲T̲L̲Y̲ ̲B̲A̲C̲T̲E̲R̲I̲A̲ ̲G̲U̲A̲R̲D̲ (chlorure de cétylpyridinium 0,07 % solution pour bain de bouche) PROCTER & GAMBLE INC"""
98827,02498502,JAMP DIGOXIN (digoxin 0.0625 mg oral tablet) JAMP PHARMA CORPORATION,"JAMP DIGOXIN (digoxine 0,0625 mg comprimé oral) JAMP PHARMA CORPORATION","mp_status: ""INACTIVE"" -> ""ACTIVE""
mp_status_effective_time: ""20250723"" -> ""20220722"""
98828,02498510,JAMP DIGOXIN (digoxin 0.125 mg oral tablet) JAMP PHARMA CORPORATION,"JAMP DIGOXIN (digoxine 0,125 mg comprimé oral) JAMP PHARMA CORPORATION","mp_status: ""INACTIVE"" -> ""ACTIVE""
mp_status_effective_time: ""20250724"" -> ""20220722"""
99372,02504294,OMEPRAZOLE MAGNESIUM DELAYED RELEASE TABLETS (omeprazole (omeprazole magnesium) 20 mg gastro-resistant tablet) SANIS HEALTH INC,OMEPRAZOLE MAGNESIUM DELAYED RELEASE TABLETS (oméprazole (oméprazole magnésium) 20 mg comprimé gastrorésistant) SANIS HEALTH INC,"mp_status: ""ACTIVE"" -> ""INACTIVE""
mp_status_effective_time: ""20210316"" -> ""20251030"""
99959,02510367,AURO-CANAGLIFLOZIN (canagliflozin 100 mg oral tablet) AURO PHARMA INC,AURO-CANAGLIFLOZIN (canagliflozine 100 mg comprimé oral) AURO PHARMA INC,ADDED
99960,02510375,AURO-CANAGLIFLOZIN (canagliflozin 300 mg oral tablet) AURO PHARMA INC,AURO-CANAGLIFLOZIN (canagliflozine 300 mg comprimé oral) AURO PHARMA INC,ADDED
100015,02510871,CREST PRO-HEALTH GUM DETOXIFY (cetylpyridinium chloride 0.07 % mouthwash) PROCTER & GAMBLE INC,"CREST PRO-HEALTH GUM DETOXIFY (chlorure de cétylpyridinium 0,07 % solution pour bain de bouche) PROCTER & GAMBLE INC","Health_Canada_product_name: ""ORAL-B GUM THERAPY"" -> ""CREST PRO-HEALTH GUM DETOXIFY""
mp_formal_name: ""O̲R̲A̲L̲-̲B̲ ̲G̲U̲M̲ ̲T̲H̲E̲R̲A̲P̲Y (cetylpyridinium chloride 0.07 % mouthwash) PROCTER & GAMBLE INC"" -> ""C̲R̲E̲S̲T̲ ̲P̲R̲O̲-̲H̲E̲A̲L̲T̲H̲ ̲G̲U̲M̲ ̲D̲E̲T̲O̲X̲I̲F̲Y (cetylpyridinium chloride 0.07 % mouthwash) PROCTER & GAMBLE INC""
mp_fr_description: ""O̲R̲A̲L̲-̲B̲ ̲G̲U̲M̲ ̲T̲H̲E̲R̲A̲P̲Y (chlorure de cétylpyridinium 0,07 % solution pour bain de bouche) PROCTER & GAMBLE INC"" -> ""C̲R̲E̲S̲T̲ ̲P̲R̲O̲-̲H̲E̲A̲L̲T̲H̲ ̲G̲U̲M̲ ̲D̲E̲T̲O̲X̲I̲F̲Y (chlorure de cétylpyridinium 0,07 % solution pour bain de bouche) PROCTER & GAMBLE INC""
mp_status_effective_time: ""20250716"" -> ""20260121"""
100470,02515318,PHARMA-LEVETIRACETAM (levetiracetam 100 mg per mL oral solution) PHARMASCIENCE INC,PHARMA-LEVETIRACETAM (lévétiracétam 100 mg par mL solution orale) PHARMASCIENCE INC,ADDED
100493,02515520,URSODIOL C (ursodiol 250 mg oral tablet) SANIS HEALTH INC,URSODIOL C (ursodiol 250 mg comprimé oral) SANIS HEALTH INC,"mp_status: ""ACTIVE"" -> ""INACTIVE""
mp_status_effective_time: ""20211025"" -> ""20251010"""
100494,02515539,URSODIOL C (ursodiol 500 mg oral tablet) SANIS HEALTH INC,URSODIOL C (ursodiol 500 mg comprimé oral) SANIS HEALTH INC,"mp_status: ""ACTIVE"" -> ""INACTIVE""
mp_status_effective_time: ""20211025"" -> ""20251011"""
102746,02538776,XCOPRI TITRATION PACK 1 (cenobamate 12.5 mg oral tablet with cenobamate 25 mg oral tablet) KNIGHT THERAPEUTICS INC.,"XCOPRI TITRATION PACK 1 (cénobamate 12,5 mg comprimé oral avec cénobamate 25 mg comprimé oral) KNIGHT THERAPEUTICS INC.","mp_formal_name: ""XCOPRI (cenobamate 12.5 mg oral tablet with cenobamate 25 mg oral tablet) E̲N̲D̲O̲ ̲O̲P̲E̲R̲A̲T̲I̲O̲N̲S̲ ̲L̲T̲D̲."" -> ""XCOPRI ̲T̲I̲T̲R̲A̲T̲I̲O̲N̲ ̲P̲A̲C̲K̲ ̲1̲ (cenobamate 12.5 mg oral tablet with cenobamate 25 mg oral tablet) K̲N̲I̲G̲H̲T̲ ̲T̲H̲E̲R̲A̲P̲E̲U̲T̲I̲C̲S̲ ̲I̲N̲C̲.""
mp_fr_description: ""XCOPRI (cénobamate 12,5 mg comprimé oral avec cénobamate 25 mg comprimé oral) E̲N̲D̲O̲ ̲O̲P̲E̲R̲A̲T̲I̲O̲N̲S̲ ̲L̲T̲D̲."" -> ""XCOPRI ̲T̲I̲T̲R̲A̲T̲I̲O̲N̲ ̲P̲A̲C̲K̲ ̲1̲ (cénobamate 12,5 mg comprimé oral avec cénobamate 25 mg comprimé oral) K̲N̲I̲G̲H̲T̲ ̲T̲H̲E̲R̲A̲P̲E̲U̲T̲I̲C̲S̲ ̲I̲N̲C̲."""
102747,02538784,XCOPRI TITRATION PACK 2 (cenobamate 50 mg oral tablet with cenobamate 100 mg oral tablet) KNIGHT THERAPEUTICS INC.,XCOPRI TITRATION PACK 2 (cénobamate 50 mg comprimé oral avec cénobamate 100 mg comprimé oral) KNIGHT THERAPEUTICS INC.,"mp_formal_name: ""XCOPRI (cenobamate 50 mg oral tablet with cenobamate 100 mg oral tablet) E̲N̲D̲O̲ ̲O̲P̲E̲R̲A̲T̲I̲O̲N̲S̲ ̲L̲T̲D̲."" -> ""XCOPRI ̲T̲I̲T̲R̲A̲T̲I̲O̲N̲ ̲P̲A̲C̲K̲ ̲2̲ (cenobamate 50 mg oral tablet with cenobamate 100 mg oral tablet) K̲N̲I̲G̲H̲T̲ ̲T̲H̲E̲R̲A̲P̲E̲U̲T̲I̲C̲S̲ ̲I̲N̲C̲.""
mp_fr_description: ""XCOPRI (cénobamate 50 mg comprimé oral avec cénobamate 100 mg comprimé oral) E̲N̲D̲O̲ ̲O̲P̲E̲R̲A̲T̲I̲O̲N̲S̲ ̲L̲T̲D̲."" -> ""XCOPRI ̲T̲I̲T̲R̲A̲T̲I̲O̲N̲ ̲P̲A̲C̲K̲ ̲2̲ (cénobamate 50 mg comprimé oral avec cénobamate 100 mg comprimé oral) K̲N̲I̲G̲H̲T̲ ̲T̲H̲E̲R̲A̲P̲E̲U̲T̲I̲C̲S̲ ̲I̲N̲C̲."""
103167,02543184,ACCEL-DAPAGLIFLOZIN (dapagliflozin 5 mg oral tablet) ACCEL PHARMA INC,ACCEL-DAPAGLIFLOZIN (dapagliflozine 5 mg comprimé oral) ACCEL PHARMA INC,ADDED
103168,02543192,ACCEL-DAPAGLIFLOZIN (dapagliflozin 10 mg oral tablet) ACCEL PHARMA INC,ACCEL-DAPAGLIFLOZIN (dapagliflozine 10 mg comprimé oral) ACCEL PHARMA INC,ADDED
103187,02543400,NAT-SITAGLIPTIN (sitagliptin (sitagliptin phosphate monohydrate) 100 mg oral tablet) NATCO PHARMA (CANADA) INC,NAT-SITAGLIPTIN (sitagliptine (phosphate de sitagliptine monohydraté) 100 mg comprimé oral) NATCO PHARMA (CANADA) INC,ADDED
103194,02543486,JAMP CANAGLIFLOZIN (canagliflozin 100 mg oral tablet) JAMP PHARMA CORPORATION,JAMP CANAGLIFLOZIN (canagliflozine 100 mg comprimé oral) JAMP PHARMA CORPORATION,ADDED
103195,02543494,JAMP CANAGLIFLOZIN (canagliflozin 300 mg oral tablet) JAMP PHARMA CORPORATION,JAMP CANAGLIFLOZIN (canagliflozine 300 mg comprimé oral) JAMP PHARMA CORPORATION,ADDED
103755,02548704,PRZ-NEBIVOLOL (nebivolol (nebivolol hydrochloride) 2.5 mg oral tablet) PHARMARIS CANADA INC,"PRZ-NEBIVOLOL (nébivolol (chlorhydrate de nébivolol) 2,5 mg comprimé oral) PHARMARIS CANADA INC",ADDED
103756,02548712,PRZ-NEBIVOLOL (nebivolol (nebivolol hydrochloride) 5 mg oral tablet) PHARMARIS CANADA INC,PRZ-NEBIVOLOL (nébivolol (chlorhydrate de nébivolol) 5 mg comprimé oral) PHARMARIS CANADA INC,ADDED
103757,02548720,PRZ-NEBIVOLOL (nebivolol (nebivolol hydrochloride) 10 mg oral tablet) PHARMARIS CANADA INC,PRZ-NEBIVOLOL (nébivolol (chlorhydrate de nébivolol) 10 mg comprimé oral) PHARMARIS CANADA INC,ADDED
103758,02548739,PRZ-NEBIVOLOL (nebivolol (nebivolol hydrochloride) 20 mg oral tablet) PHARMARIS CANADA INC,PRZ-NEBIVOLOL (nébivolol (chlorhydrate de nébivolol) 20 mg comprimé oral) PHARMARIS CANADA INC,ADDED
104072,02552027,TARO-METFORMIN XR (metformin hydrochloride 500 mg prolonged-release oral tablet) TARO PHARMACEUTICALS INC,TARO-METFORMIN XR (chlorhydrate de metformine 500 mg comprimé oral à libération prolongée) TARO PHARMACEUTICALS INC,ADDED
104148,02552515,NEOCITRAN EXTRA STRENGTH COLD & COUGH (acetaminophen 650 mg per sachet and dextromethorphan hydrobromide 20 mg per sachet powder for oral solution) HALEON CANADA ULC,NEOCITRAN EXTRA STRENGTH COLD & COUGH (acétaminophène 650 mg par sachet et bromhydrate de dextrométhorphane 20 mg par sachet poudre pour solution orale) HALEON CANADA ULC,ADDED
104150,02552531,NEOCITRAN EXTRA STRENGTH COLD & COUGH NIGHT (acetaminophen 650 mg per sachet and diphenhydramine hydrochloride 25 mg per sachet powder for oral solution) HALEON CANADA ULC,NEOCITRAN EXTRA STRENGTH COLD & COUGH NIGHT (acétaminophène 650 mg par sachet et chlorhydrate de diphenhydramine 25 mg par sachet poudre pour solution orale) HALEON CANADA ULC,ADDED
104192,02552957,AURO-PAZOPANIB (pazopanib (pazopanib hydrochloride) 200 mg oral tablet) AURO PHARMA INC,AURO-PAZOPANIB (pazopanib (chlorhydrate de pazopanib) 200 mg comprimé oral) AURO PHARMA INC,"Health_Canada_product_name: ""EUGIA-PAZOPANIB"" -> ""AURO-PAZOPANIB""
mp_formal_name: ""E̲U̲G̲I̲A̲-PAZOPANIB (pazopanib (pazopanib hydrochloride) 200 mg oral tablet) E̲U̲G̲I̲A̲ PHARMA INC.̲"" -> ""A̲U̲R̲O̲-PAZOPANIB (pazopanib (pazopanib hydrochloride) 200 mg oral tablet) A̲U̲R̲O̲ PHARMA INC""
mp_fr_description: ""E̲U̲G̲I̲A̲-PAZOPANIB (pazopanib (chlorhydrate de pazopanib) 200 mg comprimé oral) E̲U̲G̲I̲A̲ PHARMA INC.̲"" -> ""A̲U̲R̲O̲-PAZOPANIB (pazopanib (chlorhydrate de pazopanib) 200 mg comprimé oral) A̲U̲R̲O̲ PHARMA INC"""
104229,02553341,BACLOFEN INJECTION USP (baclofen 10 mg per 5 mL solution for injection ampoule) JAMP PHARMA CORPORATION,BACLOFEN INJECTION USP (baclofène 10 mg par 5 mL solution injectable ampoule) JAMP PHARMA CORPORATION,ADDED
104244,02553511,VALACYCLOVIR (valacyclovir (valacyclovir hydrochloride) 1000 mg oral tablet) SIVEM PHARMACEUTICALS ULC,VALACYCLOVIR (valaciclovir (chlorhydrate de valaciclovir) 1000 mg comprimé oral) SIVEM PHARMACEUTICALS ULC,ADDED
104264,02553724,JAMP IBUPROFEN SUSPENSION (ibuprofen 100 mg per 5 mL oral suspension) JAMP PHARMA CORPORATION,JAMP IBUPROFEN SUSPENSION (ibuprofène 100 mg par 5 mL suspension orale) JAMP PHARMA CORPORATION,ADDED
104278,02553880,TOPIRAMATE (topiramate 200 mg oral tablet) SIVEM PHARMACEUTICALS ULC,TOPIRAMATE (topiramate 200 mg comprimé oral) SIVEM PHARMACEUTICALS ULC,ADDED
104330,02554445,AURO-VARENICLINE (varenicline (varenicline tartrate) 0.5 mg oral tablet) AURO PHARMA INC,"AURO-VARENICLINE (varénicline (tartrate de varénicline) 0,5 mg comprimé oral) AURO PHARMA INC",ADDED
104331,02554453,AURO-VARENICLINE (varenicline (varenicline tartrate) 1 mg oral tablet) AURO PHARMA INC,AURO-VARENICLINE (varénicline (tartrate de varénicline) 1 mg comprimé oral) AURO PHARMA INC,ADDED
104333,02554488,LISINOPRIL TABLETS (lisinopril (lisinopril dihydrate) 5 mg oral tablet) SIVEM PHARMACEUTICALS ULC,LISINOPRIL TABLETS (lisinopril (dihydrate de lisinopril) 5 mg comprimé oral) SIVEM PHARMACEUTICALS ULC,ADDED
104334,02554496,LISINOPRIL TABLETS (lisinopril (lisinopril dihydrate) 10 mg oral tablet) SIVEM PHARMACEUTICALS ULC,LISINOPRIL TABLETS (lisinopril (dihydrate de lisinopril) 10 mg comprimé oral) SIVEM PHARMACEUTICALS ULC,ADDED
104335,02554518,LISINOPRIL TABLETS (lisinopril (lisinopril dihydrate) 20 mg oral tablet) SIVEM PHARMACEUTICALS ULC,LISINOPRIL TABLETS (lisinopril (dihydrate de lisinopril) 20 mg comprimé oral) SIVEM PHARMACEUTICALS ULC,ADDED
104343,02554593,NEOCITRAN ULTRA STRENGTH FLU & COLD NIGHT (acetaminophen 1000 mg per sachet and chlorpheniramine maleate 4 mg per sachet and dextromethorphan hydrobromide 30 mg per sachet powder for oral solution) HALEON CANADA ULC,NEOCITRAN ULTRA STRENGTH FLU & COLD NIGHT (acétaminophène 1000 mg par sachet et maléate de chlorphéniramine 4 mg par sachet et bromhydrate de dextrométhorphane 30 mg par sachet poudre pour solution orale) HALEON CANADA ULC,ADDED
104344,02554607,NEOCITRAN ULTRA STRENGTH FLU & COLD (acetaminophen 1000 mg per sachet and dextromethorphan hydrobromide 30 mg per sachet powder for oral solution) HALEON CANADA ULC,NEOCITRAN ULTRA STRENGTH FLU & COLD (acétaminophène 1000 mg par sachet et bromhydrate de dextrométhorphane 30 mg par sachet poudre pour solution orale) HALEON CANADA ULC,ADDED
106066,02557320,OPDIVO SC (nivolumab 600 mg per 5 mL solution for injection vial) BRISTOL-MYERS SQUIBB CANADA,OPDIVO SC (nivolumab 600 mg par 5 mL solution injectable fiole) BRISTOL-MYERS SQUIBB CANADA,ADDED
106144,02558157,NAT-SITAGLIPTIN (sitagliptin (sitagliptin phosphate monohydrate) 25 mg oral tablet) NATCO PHARMA (CANADA) INC,NAT-SITAGLIPTIN (sitagliptine (phosphate de sitagliptine monohydraté) 25 mg comprimé oral) NATCO PHARMA (CANADA) INC,ADDED
106145,02558165,NAT-SITAGLIPTIN (sitagliptin (sitagliptin phosphate monohydrate) 50 mg oral tablet) NATCO PHARMA (CANADA) INC,NAT-SITAGLIPTIN (sitagliptine (phosphate de sitagliptine monohydraté) 50 mg comprimé oral) NATCO PHARMA (CANADA) INC,ADDED
106200,02558785,METFORMIN ER (metformin hydrochloride 500 mg prolonged-release oral tablet) SANIS HEALTH INC,METFORMIN ER (chlorhydrate de metformine 500 mg comprimé oral à libération prolongée) SANIS HEALTH INC,ADDED
106201,02558793,METFORMIN ER (metformin hydrochloride 1000 mg prolonged-release oral tablet) SANIS HEALTH INC,METFORMIN ER (chlorhydrate de metformine 1000 mg comprimé oral à libération prolongée) SANIS HEALTH INC,ADDED
106211,02558904,ILUMYA (tildrakizumab 100 mg per 1 mL solution for injection pen) SUN PHARMACEUTICAL INDUSTRIES LIMITED,ILUMYA (tildrakizumab 100 mg par 1 mL solution injectable stylo) SUN PHARMACEUTICAL INDUSTRIES LIMITED,ADDED
106212,02558912,ISTURISA (osilodrostat (osilodrostat phosphate) 1 mg oral tablet) RECORDATI RARE DISEASES CANADA INC,ISTURISA (osilodrostat (phosphate d’osilodrostat) 1 mg comprimé oral) RECORDATI RARE DISEASES CANADA INC,ADDED
106213,02558920,ISTURISA (osilodrostat (osilodrostat phosphate) 5 mg oral tablet) RECORDATI RARE DISEASES CANADA INC,ISTURISA (osilodrostat (phosphate d’osilodrostat) 5 mg comprimé oral) RECORDATI RARE DISEASES CANADA INC,ADDED
106332,02560240,OCTREOTIDE INJECTION (octreotide (octreotide acetate) 100 mcg per 1 mL solution for injection vial) STERIMAX INC,OCTREOTIDE INJECTION (octréotide (acétate d'octréotide) 100 mcg par 1 mL solution injectable fiole) STERIMAX INC,ADDED
106336,02560283,OCTREOTIDE INJECTION (octreotide (octreotide acetate) 1000 mcg per 5 mL solution for injection vial) STERIMAX INC,OCTREOTIDE INJECTION (octréotide (acétate d'octréotide) 1000 mcg par 5 mL solution injectable fiole) STERIMAX INC,ADDED
106337,02560291,OCTREOTIDE INJECTION (octreotide (octreotide acetate) 500 mcg per 1 mL solution for injection vial) STERIMAX INC,OCTREOTIDE INJECTION (octréotide (acétate d'octréotide) 500 mcg par 1 mL solution injectable fiole) STERIMAX INC,ADDED
106427,02561298,ZDS-LIOTHYRONINE (liothyronine (liothyronine sodium) 5 mcg oral tablet) ZYDUS LIFESCIENCES LIMITED,ZDS-LIOTHYRONINE (liothyronine (liothyronine sodique) 5 mcg comprimé oral) ZYDUS LIFESCIENCES LIMITED,ADDED
106428,02561301,ZDS-LIOTHYRONINE (liothyronine (liothyronine sodium) 25 mcg oral tablet) ZYDUS LIFESCIENCES LIMITED,ZDS-LIOTHYRONINE (liothyronine (liothyronine sodique) 25 mcg comprimé oral) ZYDUS LIFESCIENCES LIMITED,ADDED
106501,02562103,YESINTEK (ustekinumab 90 mg per 1 mL solution for injection syringe) BIOSIMILAR COLLABORATIONS IRELAND LIMITED,YESINTEK (ustékinumab 90 mg par 1 mL solution injectable seringue) BIOSIMILAR COLLABORATIONS IRELAND LIMITED,ADDED
106502,02562111,YESINTEK I.V. (ustekinumab 130 mg per 26 mL solution for injection vial) BIOSIMILAR COLLABORATIONS IRELAND LIMITED,YESINTEK I.V. (ustékinumab 130 mg par 26 mL solution injectable fiole) BIOSIMILAR COLLABORATIONS IRELAND LIMITED,ADDED
106606,02563266,CISATRACURIUM BESYLATE INJECTION USP MULTI-DOSE (cisatracurium (cisatracurium besylate) 20 mg per 10 mL solution for injection vial) STERIMAX INC,CISATRACURIUM BESYLATE INJECTION USP MULTI-DOSE (cisatracurium (bésilate de cisatracurium) 20 mg par 10 mL solution injectable fiole) STERIMAX INC,ADDED
NA,77700167,PMS-HALOPERIDOL-LA (haloperidol (haloperidol decanoate) 100 mg per 1 mL solution for injection vial) PHARMASCIENCE INC,PMS-HALOPERIDOL-LA (halopéridol (décanoate d'halopéridol) 100 mg par 1 mL solution injectable fiole) PHARMASCIENCE INC,"mp_status_effective_time: ""20170803"" -> ""20250704"""
NA,77700168,PMS-HALOPERIDOL-LA (haloperidol (haloperidol decanoate) 500 mg per 5 mL solution for injection vial) PHARMASCIENCE INC,PMS-HALOPERIDOL-LA (halopéridol (décanoate d'halopéridol) 500 mg par 5 mL solution injectable fiole) PHARMASCIENCE INC,"mp_status_effective_time: ""20170803"" -> ""20250704"""
NA,77701199,YESINTEK (ustekinumab 45 mg per 0.5 mL solution for injection syringe) BIOSIMILAR COLLABORATIONS IRELAND LIMITED,"YESINTEK (ustékinumab 45 mg par 0,5 mL solution injectable seringue) BIOSIMILAR COLLABORATIONS IRELAND LIMITED",ADDED
NA,77701200,YESINTEK (ustekinumab 45 mg per 0.5 mL solution for injection vial) BIOSIMILAR COLLABORATIONS IRELAND LIMITED,"YESINTEK (ustékinumab 45 mg par 0,5 mL solution injectable fiole) BIOSIMILAR COLLABORATIONS IRELAND LIMITED",ADDED
